<?xml version="1.0" encoding="utf-8"?>
<mime-info xmlns='http://www.freedesktop.org/standards/shared-mime-info'>
<mime-type type="application/x-gameboy-rom">
  <comment>Game Boy ROM</comment>
  <icon name="x-gameboy-rom"/>
  <glob-deleteall/>
  <glob pattern="*.gb"/>
  <glob pattern="*.sgb"/>
</mime-type>
<mime-type type="application/x-gameboy-color-rom">
  <comment>Game Boy Color ROM</comment>
  <icon name="x-gameboy-color-rom"/>
  <glob-deleteall/>
  <glob pattern="*.gbc"/>
  <glob pattern="*.cgb"/>
</mime-type>
<mime-type type="application/x-gameboy-isx">
      <comment>Game Boy ISX binary</comment>
      <icon name="x-gameboy-rom"/>
      <glob-deleteall/>
      <glob pattern="*.isx"/>
    </mime-type>
</mime-info>
